9.580419659614562988e-01,5.990000000000000000e+02,6.080000000000000000e+02,0.000000000000000000e+00
7.382547855377197266e-01,7.910000000000000000e+02,5.610000000000000000e+02,0.000000000000000000e+00
1.000000000000000000e+00,1.780000000000000000e+02,3.200000000000000000e+01,0.000000000000000000e+00
1.000000000000000000e+00,1.190000000000000000e+02,3.000000000000000000e+00,0.000000000000000000e+00
7.560975551605224609e-01,1.381000000000000000e+03,3.420000000000000000e+02,0.000000000000000000e+00
8.399999737739562988e-01,6.750000000000000000e+02,3.960000000000000000e+02,0.000000000000000000e+00
7.352941036224365234e-01,9.690000000000000000e+02,9.610000000000000000e+02,0.000000000000000000e+00
9.130432605743408203e-01,1.683000000000000000e+03,1.722000000000000000e+03,0.000000000000000000e+00
1.000000000000000000e+00,1.510000000000000000e+02,4.800000000000000000e+01,0.000000000000000000e+00
9.523809552192687988e-01,6.370000000000000000e+02,2.640000000000000000e+02,0.000000000000000000e+00
9.777777791023254395e-01,2.048000000000000000e+03,1.929000000000000000e+03,0.000000000000000000e+00
8.999999761581420898e-01,1.600000000000000000e+02,5.700000000000000000e+01,0.000000000000000000e+00
7.535544037818908691e-01,7.700000000000000000e+02,6.020000000000000000e+02,0.000000000000000000e+00
1.000000000000000000e+00,3.320000000000000000e+02,1.700000000000000000e+01,0.000000000000000000e+00
0.000000000000000000e+00,9.000000000000000000e+00,5.300000000000000000e+01,0.000000000000000000e+00
8.888888955116271973e-01,1.620000000000000000e+02,3.000000000000000000e+00,0.000000000000000000e+00
9.591838121414184570e-01,1.405000000000000000e+03,8.210000000000000000e+02,0.000000000000000000e+00
1.000000000000000000e+00,1.670000000000000000e+02,4.200000000000000000e+01,0.000000000000000000e+00
8.809523582458496094e-01,1.732000000000000000e+03,1.299000000000000000e+03,0.000000000000000000e+00
8.969073295593261719e-01,1.159000000000000000e+03,1.346000000000000000e+03,0.000000000000000000e+00
7.560974955558776855e-01,7.560000000000000000e+02,2.300000000000000000e+02,0.000000000000000000e+00
6.122449040412902832e-01,1.476000000000000000e+03,1.266000000000000000e+03,0.000000000000000000e+00
9.048913121223449707e-01,1.681000000000000000e+03,2.025000000000000000e+03,0.000000000000000000e+00
9.658121466636657715e-01,1.509000000000000000e+03,1.416000000000000000e+03,0.000000000000000000e+00
7.049181461334228516e-01,5.450000000000000000e+02,2.460000000000000000e+02,0.000000000000000000e+00
9.361702203750610352e-01,2.047000000000000000e+03,2.121000000000000000e+03,0.000000000000000000e+00
8.181818127632141113e-01,1.790000000000000000e+02,6.900000000000000000e+01,0.000000000000000000e+00
9.377993345260620117e-01,1.563000000000000000e+03,1.294000000000000000e+03,0.000000000000000000e+00
8.679240942001342773e-01,2.490000000000000000e+02,7.900000000000000000e+01,0.000000000000000000e+00
9.555555582046508789e-01,2.043000000000000000e+03,1.549000000000000000e+03,0.000000000000000000e+00
9.512197971343994141e-01,5.240000000000000000e+02,8.000000000000000000e+01,0.000000000000000000e+00
9.130434989929199219e-01,6.070000000000000000e+02,6.060000000000000000e+02,0.000000000000000000e+00
1.000000000000000000e+00,4.900000000000000000e+02,3.130000000000000000e+02,0.000000000000000000e+00
7.894737124443054199e-01,3.430000000000000000e+02,3.000000000000000000e+00,0.000000000000000000e+00
9.411764740943908691e-01,4.010000000000000000e+02,1.720000000000000000e+02,0.000000000000000000e+00
8.547008037567138672e-01,1.383000000000000000e+03,1.469000000000000000e+03,0.000000000000000000e+00
9.411764740943908691e-01,2.160000000000000000e+02,5.700000000000000000e+01,0.000000000000000000e+00
8.333333134651184082e-01,1.380000000000000000e+02,2.600000000000000000e+01,0.000000000000000000e+00
8.974359631538391113e-01,1.282000000000000000e+03,1.388000000000000000e+03,0.000000000000000000e+00
9.200000166893005371e-01,8.290000000000000000e+02,5.950000000000000000e+02,0.000000000000000000e+00
8.974359631538391113e-01,8.440000000000000000e+02,6.070000000000000000e+02,0.000000000000000000e+00
6.122449040412902832e-01,1.522000000000000000e+03,1.653000000000000000e+03,0.000000000000000000e+00
1.000000000000000000e+00,3.380000000000000000e+02,7.600000000000000000e+01,0.000000000000000000e+00
1.000000000000000000e+00,2.254000000000000000e+03,2.500000000000000000e+03,0.000000000000000000e+00
9.591836929321289062e-01,2.246000000000000000e+03,2.383000000000000000e+03,0.000000000000000000e+00
1.000000000000000000e+00,1.300000000000000000e+03,1.900000000000000000e+03,0.000000000000000000e+00
1.000000000000000000e+00,8.000000000000000000e+01,0.000000000000000000e+00,0.000000000000000000e+00
7.727272510528564453e-01,4.660000000000000000e+02,4.360000000000000000e+02,0.000000000000000000e+00
8.999999761581420898e-01,1.650000000000000000e+02,5.400000000000000000e+01,0.000000000000000000e+00
8.461538553237915039e-01,1.495000000000000000e+03,1.219000000000000000e+03,0.000000000000000000e+00
1.000000000000000000e+00,3.370000000000000000e+02,9.000000000000000000e+01,0.000000000000000000e+00
9.999997615814208984e-01,1.940000000000000000e+02,0.000000000000000000e+00,0.000000000000000000e+00
9.787234067916870117e-01,2.309000000000000000e+03,2.301000000000000000e+03,0.000000000000000000e+00
9.459459185600280762e-01,8.150000000000000000e+02,5.960000000000000000e+02,0.000000000000000000e+00
8.571428656578063965e-01,2.660000000000000000e+02,1.060000000000000000e+02,0.000000000000000000e+00
9.090909361839294434e-01,2.310000000000000000e+02,2.000000000000000000e+00,0.000000000000000000e+00
9.999998211860656738e-01,3.060000000000000000e+02,6.000000000000000000e+01,0.000000000000000000e+00
9.321606755256652832e-01,1.781000000000000000e+03,1.724000000000000000e+03,0.000000000000000000e+00
8.888888955116271973e-01,1.870000000000000000e+02,0.000000000000000000e+00,0.000000000000000000e+00
8.979591727256774902e-01,2.214000000000000000e+03,2.408000000000000000e+03,0.000000000000000000e+00
1.000000000000000000e+00,2.344000000000000000e+03,2.500000000000000000e+03,0.000000000000000000e+00
9.512194991111755371e-01,1.683000000000000000e+03,1.692000000000000000e+03,0.000000000000000000e+00
8.750000000000000000e-01,6.170000000000000000e+02,7.760000000000000000e+02,0.000000000000000000e+00
9.408866763114929199e-01,1.149000000000000000e+03,1.499000000000000000e+03,0.000000000000000000e+00
8.787878751754760742e-01,1.154000000000000000e+03,6.930000000000000000e+02,0.000000000000000000e+00
9.411764740943908691e-01,4.440000000000000000e+02,1.250000000000000000e+02,0.000000000000000000e+00
4.513274431228637695e-01,4.150000000000000000e+02,0.000000000000000000e+00,0.000000000000000000e+00
1.000000000000000000e+00,7.800000000000000000e+02,1.041000000000000000e+03,0.000000000000000000e+00
9.000002741813659668e-01,8.900000000000000000e+01,0.000000000000000000e+00,0.000000000000000000e+00
5.652173757553100586e-01,2.140000000000000000e+02,1.698000000000000000e+03,0.000000000000000000e+00
9.166666865348815918e-01,1.351000000000000000e+03,1.139000000000000000e+03,0.000000000000000000e+00
1.000000000000000000e+00,2.720000000000000000e+02,4.400000000000000000e+01,0.000000000000000000e+00
8.823529481887817383e-01,1.000000000000000000e+01,1.814000000000000000e+03,0.000000000000000000e+00
1.000000000000000000e+00,1.800000000000000000e+02,1.310000000000000000e+02,0.000000000000000000e+00
9.518073201179504395e-01,1.576000000000000000e+03,5.090000000000000000e+02,0.000000000000000000e+00
1.000000000000000000e+00,6.190000000000000000e+02,2.570000000000000000e+02,0.000000000000000000e+00
7.727272510528564453e-01,1.611000000000000000e+03,1.462000000000000000e+03,0.000000000000000000e+00
7.500000000000000000e-01,1.680000000000000000e+02,0.000000000000000000e+00,0.000000000000000000e+00
1.000000000000000000e+00,1.381000000000000000e+03,1.582000000000000000e+03,0.000000000000000000e+00
9.411764740943908691e-01,5.250000000000000000e+02,5.200000000000000000e+01,0.000000000000000000e+00
8.863636255264282227e-01,1.518000000000000000e+03,2.320000000000000000e+03,0.000000000000000000e+00
6.338028311729431152e-01,1.584000000000000000e+03,1.583000000000000000e+03,0.000000000000000000e+00
8.000000119209289551e-01,8.000000000000000000e+01,0.000000000000000000e+00,0.000000000000000000e+00
8.125000000000000000e-01,3.160000000000000000e+02,1.160000000000000000e+02,0.000000000000000000e+00
8.235294222831726074e-01,6.450000000000000000e+02,3.820000000000000000e+02,0.000000000000000000e+00
6.988948583602905273e-01,5.020000000000000000e+02,3.180000000000000000e+02,0.000000000000000000e+00
1.000000000000000000e+00,3.790000000000000000e+02,6.700000000000000000e+01,0.000000000000000000e+00
9.423075914382934570e-01,1.439000000000000000e+03,1.503000000000000000e+03,0.000000000000000000e+00
0.000000000000000000e+00,1.000000000000000000e+00,2.600000000000000000e+01,0.000000000000000000e+00
9.591836929321289062e-01,2.176000000000000000e+03,2.463000000000000000e+03,0.000000000000000000e+00
0.000000000000000000e+00,0.000000000000000000e+00,5.920000000000000000e+02,0.000000000000000000e+00
8.235294222831726074e-01,3.210000000000000000e+02,2.930000000000000000e+02,0.000000000000000000e+00
9.565217494964599609e-01,6.810000000000000000e+02,2.030000000000000000e+02,0.000000000000000000e+00
8.709677457809448242e-01,9.290000000000000000e+02,1.191000000000000000e+03,0.000000000000000000e+00
9.375000000000000000e-01,3.600000000000000000e+02,1.210000000000000000e+02,0.000000000000000000e+00
9.125008583068847656e-01,4.550000000000000000e+02,4.470000000000000000e+02,0.000000000000000000e+00
1.000000000000000000e+00,6.000000000000000000e+02,6.400000000000000000e+02,0.000000000000000000e+00
9.473684430122375488e-01,1.376000000000000000e+03,2.265000000000000000e+03,0.000000000000000000e+00
1.000000000000000000e+00,8.950000000000000000e+02,2.419000000000000000e+03,0.000000000000000000e+00
9.285714030265808105e-01,3.540000000000000000e+02,4.000000000000000000e+00,0.000000000000000000e+00
9.710979461669921875e-01,1.274000000000000000e+03,6.530000000000000000e+02,0.000000000000000000e+00
1.000000000000000000e+00,8.290000000000000000e+02,1.052000000000000000e+03,0.000000000000000000e+00
8.947366476058959961e-01,2.640000000000000000e+02,9.300000000000000000e+01,0.000000000000000000e+00
1.000000000000000000e+00,2.490000000000000000e+03,2.500000000000000000e+03,0.000000000000000000e+00
8.888888955116271973e-01,1.520000000000000000e+02,1.100000000000000000e+01,0.000000000000000000e+00
9.285714030265808105e-01,1.860000000000000000e+02,2.100000000000000000e+01,0.000000000000000000e+00
9.534885883331298828e-01,2.350000000000000000e+02,3.000000000000000000e+00,0.000000000000000000e+00
1.000000000000000000e+00,2.490000000000000000e+02,1.710000000000000000e+02,0.000000000000000000e+00
9.374997615814208984e-01,2.140000000000000000e+02,6.500000000000000000e+01,0.000000000000000000e+00
9.931972622871398926e-01,1.636000000000000000e+03,2.360000000000000000e+03,0.000000000000000000e+00
1.000000000000000000e+00,3.500000000000000000e+02,2.710000000000000000e+02,0.000000000000000000e+00
9.375000000000000000e-01,2.080000000000000000e+02,2.400000000000000000e+01,0.000000000000000000e+00
1.000000000000000000e+00,2.339000000000000000e+03,2.500000000000000000e+03,0.000000000000000000e+00
9.629629850387573242e-01,4.750000000000000000e+02,2.530000000000000000e+02,0.000000000000000000e+00
9.333333373069763184e-01,3.500000000000000000e+02,1.000000000000000000e+01,0.000000000000000000e+00
8.846151828765869141e-01,2.110000000000000000e+02,0.000000000000000000e+00,0.000000000000000000e+00
9.843751788139343262e-01,8.940000000000000000e+02,8.780000000000000000e+02,0.000000000000000000e+00
8.108108043670654297e-01,1.211000000000000000e+03,1.369000000000000000e+03,0.000000000000000000e+00
9.333333373069763184e-01,3.440000000000000000e+02,1.760000000000000000e+02,0.000000000000000000e+00
8.775510191917419434e-01,2.150000000000000000e+03,2.217000000000000000e+03,0.000000000000000000e+00
8.358209729194641113e-01,1.129000000000000000e+03,2.443000000000000000e+03,0.000000000000000000e+00
9.499999880790710449e-01,5.890000000000000000e+02,2.290000000000000000e+02,0.000000000000000000e+00
7.916666865348815918e-01,6.040000000000000000e+02,4.030000000000000000e+02,0.000000000000000000e+00
7.911398410797119141e-01,2.310000000000000000e+02,1.027000000000000000e+03,0.000000000000000000e+00
9.591836929321289062e-01,2.356000000000000000e+03,2.303000000000000000e+03,0.000000000000000000e+00
8.881120085716247559e-01,1.364000000000000000e+03,1.981000000000000000e+03,0.000000000000000000e+00
0.000000000000000000e+00,2.432000000000000000e+03,2.500000000000000000e+03,0.000000000000000000e+00
8.356171250343322754e-01,5.600000000000000000e+02,5.160000000000000000e+02,0.000000000000000000e+00
8.333333134651184082e-01,2.170000000000000000e+02,9.900000000000000000e+01,0.000000000000000000e+00
4.615384638309478760e-01,3.400000000000000000e+01,6.620000000000000000e+02,0.000000000000000000e+00
8.333333134651184082e-01,1.903000000000000000e+03,1.706000000000000000e+03,0.000000000000000000e+00
1.000000000000000000e+00,2.880000000000000000e+02,1.120000000000000000e+02,0.000000000000000000e+00
9.032257795333862305e-01,1.035000000000000000e+03,7.140000000000000000e+02,0.000000000000000000e+00
1.000000000000000000e+00,2.300000000000000000e+02,5.000000000000000000e+01,0.000000000000000000e+00
9.444444179534912109e-01,1.566000000000000000e+03,1.115000000000000000e+03,0.000000000000000000e+00
0.000000000000000000e+00,2.470000000000000000e+03,2.500000000000000000e+03,0.000000000000000000e+00
7.471263408660888672e-01,1.432000000000000000e+03,9.670000000000000000e+02,0.000000000000000000e+00
9.576271772384643555e-01,6.500000000000000000e+02,4.560000000000000000e+02,0.000000000000000000e+00
0.000000000000000000e+00,0.000000000000000000e+00,4.100000000000000000e+01,0.000000000000000000e+00
8.333333134651184082e-01,7.100000000000000000e+01,9.000000000000000000e+00,0.000000000000000000e+00
8.738319277763366699e-01,1.566000000000000000e+03,2.048000000000000000e+03,0.000000000000000000e+00
8.522721529006958008e-01,3.400000000000000000e+02,2.300000000000000000e+02,0.000000000000000000e+00
9.545454382896423340e-01,6.230000000000000000e+02,3.200000000000000000e+02,0.000000000000000000e+00
9.499999880790710449e-01,1.363000000000000000e+03,2.493000000000000000e+03,0.000000000000000000e+00
8.421052694320678711e-01,4.310000000000000000e+02,2.150000000000000000e+02,0.000000000000000000e+00
9.090909361839294434e-01,5.440000000000000000e+02,6.640000000000000000e+02,0.000000000000000000e+00
9.166666865348815918e-01,6.690000000000000000e+02,8.900000000000000000e+02,0.000000000000000000e+00
8.571428656578063965e-01,4.790000000000000000e+02,8.890000000000000000e+02,0.000000000000000000e+00
8.717948794364929199e-01,7.650000000000000000e+02,1.098000000000000000e+03,0.000000000000000000e+00
1.000000000000000000e+00,1.340000000000000000e+02,0.000000000000000000e+00,0.000000000000000000e+00
9.687501788139343262e-01,2.950000000000000000e+02,1.140000000000000000e+02,0.000000000000000000e+00
8.369566798210144043e-01,9.670000000000000000e+02,2.253000000000000000e+03,0.000000000000000000e+00
9.230769276618957520e-01,2.670000000000000000e+02,9.500000000000000000e+01,0.000000000000000000e+00
8.666666746139526367e-01,4.710000000000000000e+02,5.170000000000000000e+02,0.000000000000000000e+00
5.918367505073547363e-01,1.334000000000000000e+03,1.794000000000000000e+03,0.000000000000000000e+00
1.000000000000000000e+00,3.240000000000000000e+02,8.700000000000000000e+01,0.000000000000000000e+00
8.607599139213562012e-01,4.470000000000000000e+02,2.490000000000000000e+02,0.000000000000000000e+00
9.318181872367858887e-01,1.975000000000000000e+03,1.885000000000000000e+03,0.000000000000000000e+00
9.523807764053344727e-01,2.840000000000000000e+02,1.250000000000000000e+02,0.000000000000000000e+00
9.230769276618957520e-01,7.240000000000000000e+02,7.430000000000000000e+02,0.000000000000000000e+00
5.094339847564697266e-01,4.770000000000000000e+02,1.609000000000000000e+03,0.000000000000000000e+00
8.215766549110412598e-01,1.183000000000000000e+03,9.070000000000000000e+02,0.000000000000000000e+00
9.295772910118103027e-01,1.144000000000000000e+03,8.090000000000000000e+02,0.000000000000000000e+00
1.000000000000000000e+00,7.350000000000000000e+02,5.870000000000000000e+02,0.000000000000000000e+00
0.000000000000000000e+00,0.000000000000000000e+00,7.640000000000000000e+02,0.000000000000000000e+00
9.230769276618957520e-01,2.760000000000000000e+02,2.600000000000000000e+01,0.000000000000000000e+00
1.000000000000000000e+00,4.650000000000000000e+02,1.990000000000000000e+02,0.000000000000000000e+00
8.623853921890258789e-01,9.280000000000000000e+02,7.490000000000000000e+02,0.000000000000000000e+00
9.629629850387573242e-01,9.070000000000000000e+02,5.020000000000000000e+02,0.000000000000000000e+00
8.272728323936462402e-01,1.839000000000000000e+03,1.868000000000000000e+03,0.000000000000000000e+00
9.531245231628417969e-01,5.960000000000000000e+02,1.070000000000000000e+02,0.000000000000000000e+00
9.795918464660644531e-01,2.280000000000000000e+03,2.500000000000000000e+03,0.000000000000000000e+00
9.183673262596130371e-01,2.164000000000000000e+03,2.138000000000000000e+03,0.000000000000000000e+00
7.826086878776550293e-01,1.931000000000000000e+03,1.077000000000000000e+03,0.000000000000000000e+00
9.565217494964599609e-01,6.710000000000000000e+02,4.110000000000000000e+02,0.000000000000000000e+00
9.375000000000000000e-01,6.350000000000000000e+02,9.200000000000000000e+01,0.000000000000000000e+00
9.591836929321289062e-01,2.262000000000000000e+03,2.500000000000000000e+03,0.000000000000000000e+00
1.000000000000000000e+00,2.290000000000000000e+02,1.600000000000000000e+01,0.000000000000000000e+00
5.305719375610351562e-01,1.402000000000000000e+03,1.251000000000000000e+03,0.000000000000000000e+00
9.411764740943908691e-01,1.452000000000000000e+03,1.132000000000000000e+03,0.000000000000000000e+00
6.510239243507385254e-01,1.185000000000000000e+03,7.500000000000000000e+02,0.000000000000000000e+00
1.000000000000000000e+00,2.810000000000000000e+02,4.700000000000000000e+01,0.000000000000000000e+00
0.000000000000000000e+00,0.000000000000000000e+00,3.800000000000000000e+01,0.000000000000000000e+00
1.000000000000000000e+00,1.570000000000000000e+02,6.400000000000000000e+01,0.000000000000000000e+00
9.591836929321289062e-01,2.257000000000000000e+03,2.500000000000000000e+03,0.000000000000000000e+00
0.000000000000000000e+00,0.000000000000000000e+00,6.900000000000000000e+01,0.000000000000000000e+00
7.544204592704772949e-01,1.573000000000000000e+03,1.733000000000000000e+03,0.000000000000000000e+00
9.565217494964599609e-01,6.810000000000000000e+02,3.480000000000000000e+02,0.000000000000000000e+00
9.761907458305358887e-01,4.840000000000000000e+02,2.560000000000000000e+02,0.000000000000000000e+00
8.571431040763854980e-01,2.210000000000000000e+02,0.000000000000000000e+00,0.000000000000000000e+00
9.444444179534912109e-01,4.140000000000000000e+02,4.080000000000000000e+02,0.000000000000000000e+00
7.333333492279052734e-01,1.313000000000000000e+03,1.916000000000000000e+03,0.000000000000000000e+00
9.166666865348815918e-01,2.880000000000000000e+02,1.100000000000000000e+01,0.000000000000000000e+00
8.571428656578063965e-01,1.971000000000000000e+03,1.979000000000000000e+03,0.000000000000000000e+00
1.000000000000000000e+00,2.444000000000000000e+03,2.399000000000000000e+03,0.000000000000000000e+00
9.166666865348815918e-01,2.270000000000000000e+02,6.900000000000000000e+01,0.000000000000000000e+00
8.888887763023376465e-01,1.113000000000000000e+03,6.300000000000000000e+02,0.000000000000000000e+00
9.387755393981933594e-01,2.351000000000000000e+03,2.320000000000000000e+03,0.000000000000000000e+00
9.347826242446899414e-01,1.922000000000000000e+03,2.068000000000000000e+03,0.000000000000000000e+00
9.540226459503173828e-01,7.000000000000000000e+02,4.190000000000000000e+02,0.000000000000000000e+00
7.921787500381469727e-01,1.565000000000000000e+03,2.414000000000000000e+03,0.000000000000000000e+00
8.163265585899353027e-01,1.963000000000000000e+03,1.681000000000000000e+03,0.000000000000000000e+00
8.888888955116271973e-01,1.560000000000000000e+02,4.000000000000000000e+00,0.000000000000000000e+00
8.799999952316284180e-01,7.460000000000000000e+02,2.730000000000000000e+02,0.000000000000000000e+00
9.253728389739990234e-01,6.220000000000000000e+02,2.010000000000000000e+02,0.000000000000000000e+00
9.545454382896423340e-01,5.880000000000000000e+02,4.690000000000000000e+02,0.000000000000000000e+00
9.062499403953552246e-01,2.820000000000000000e+02,6.900000000000000000e+01,0.000000000000000000e+00
6.984127163887023926e-01,1.426000000000000000e+03,1.889000000000000000e+03,0.000000000000000000e+00
9.895833730697631836e-01,1.123000000000000000e+03,6.540000000000000000e+02,0.000000000000000000e+00
9.687500000000000000e-01,1.142000000000000000e+03,9.630000000000000000e+02,0.000000000000000000e+00
8.888888955116271973e-01,2.290000000000000000e+02,0.000000000000000000e+00,0.000000000000000000e+00
9.687500000000000000e-01,1.173000000000000000e+03,9.290000000000000000e+02,0.000000000000000000e+00
3.636363744735717773e-01,9.900000000000000000e+01,1.030000000000000000e+02,0.000000000000000000e+00
9.801979660987854004e-01,4.540000000000000000e+02,1.110000000000000000e+02,0.000000000000000000e+00
7.647057771682739258e-01,8.330000000000000000e+02,8.370000000000000000e+02,0.000000000000000000e+00
8.333333134651184082e-01,4.170000000000000000e+02,2.490000000000000000e+02,0.000000000000000000e+00
0.000000000000000000e+00,0.000000000000000000e+00,3.400000000000000000e+01,0.000000000000000000e+00
1.000000000000000000e+00,4.760000000000000000e+02,2.330000000000000000e+02,0.000000000000000000e+00
9.166666865348815918e-01,2.970000000000000000e+02,3.000000000000000000e+00,0.000000000000000000e+00
9.784946441650390625e-01,7.330000000000000000e+02,2.030000000000000000e+02,0.000000000000000000e+00
9.714285731315612793e-01,7.190000000000000000e+02,5.400000000000000000e+02,0.000000000000000000e+00
9.999998807907104492e-01,6.570000000000000000e+02,2.720000000000000000e+02,0.000000000000000000e+00
1.000000000000000000e+00,2.419000000000000000e+03,2.500000000000000000e+03,0.000000000000000000e+00
9.285714030265808105e-01,3.300000000000000000e+02,7.300000000000000000e+01,0.000000000000000000e+00
5.000000000000000000e-01,0.000000000000000000e+00,1.635000000000000000e+03,0.000000000000000000e+00
9.411764740943908691e-01,2.570000000000000000e+02,4.400000000000000000e+01,0.000000000000000000e+00
9.387755393981933594e-01,2.110000000000000000e+03,2.470000000000000000e+03,0.000000000000000000e+00
8.510640859603881836e-01,4.920000000000000000e+02,3.010000000000000000e+02,0.000000000000000000e+00
7.077742815017700195e-01,1.031000000000000000e+03,6.410000000000000000e+02,0.000000000000000000e+00
1.000000000000000000e+00,2.250000000000000000e+02,3.600000000000000000e+01,0.000000000000000000e+00
1.000000000000000000e+00,5.650000000000000000e+02,1.900000000000000000e+02,0.000000000000000000e+00
1.000000000000000000e+00,5.500000000000000000e+02,4.830000000000000000e+02,0.000000000000000000e+00
8.913043737411499023e-01,1.977000000000000000e+03,1.720000000000000000e+03,0.000000000000000000e+00
9.411764740943908691e-01,4.890000000000000000e+02,7.070000000000000000e+02,0.000000000000000000e+00
7.058823704719543457e-01,4.000000000000000000e+02,5.020000000000000000e+02,0.000000000000000000e+00
9.285715222358703613e-01,1.744000000000000000e+03,2.491000000000000000e+03,0.000000000000000000e+00
9.999998211860656738e-01,5.680000000000000000e+02,3.800000000000000000e+02,0.000000000000000000e+00
9.259259700775146484e-01,3.160000000000000000e+02,7.000000000000000000e+00,0.000000000000000000e+00
9.247310757637023926e-01,7.190000000000000000e+02,1.037000000000000000e+03,0.000000000000000000e+00
8.235294222831726074e-01,4.620000000000000000e+02,1.500000000000000000e+01,0.000000000000000000e+00
9.795918464660644531e-01,2.302000000000000000e+03,2.455000000000000000e+03,0.000000000000000000e+00
9.130434989929199219e-01,5.120000000000000000e+02,1.350000000000000000e+02,0.000000000000000000e+00
1.000000000000000000e+00,2.294000000000000000e+03,2.086000000000000000e+03,0.000000000000000000e+00
9.090909361839294434e-01,2.300000000000000000e+02,0.000000000000000000e+00,0.000000000000000000e+00
9.375000000000000000e-01,2.086000000000000000e+03,1.889000000000000000e+03,0.000000000000000000e+00
9.444444179534912109e-01,7.220000000000000000e+02,6.020000000000000000e+02,0.000000000000000000e+00
9.411764740943908691e-01,4.460000000000000000e+02,3.100000000000000000e+01,0.000000000000000000e+00
8.750000000000000000e-01,1.560000000000000000e+02,0.000000000000000000e+00,0.000000000000000000e+00
7.326731681823730469e-01,1.580000000000000000e+03,1.775000000000000000e+03,0.000000000000000000e+00
9.795918464660644531e-01,2.401000000000000000e+03,2.186000000000000000e+03,0.000000000000000000e+00
8.362070918083190918e-01,1.005000000000000000e+03,7.180000000000000000e+02,0.000000000000000000e+00
0.000000000000000000e+00,2.434000000000000000e+03,2.453000000000000000e+03,0.000000000000000000e+00
7.941176295280456543e-01,1.089000000000000000e+03,8.650000000000000000e+02,0.000000000000000000e+00
8.181818127632141113e-01,2.650000000000000000e+02,2.130000000000000000e+02,0.000000000000000000e+00
6.739130616188049316e-01,1.487000000000000000e+03,1.647000000000000000e+03,0.000000000000000000e+00
7.056856155395507812e-01,7.480000000000000000e+02,5.750000000000000000e+02,0.000000000000000000e+00
9.117646813392639160e-01,1.179000000000000000e+03,1.400000000000000000e+03,0.000000000000000000e+00
9.496407508850097656e-01,5.950000000000000000e+02,7.920000000000000000e+02,0.000000000000000000e+00
8.775510191917419434e-01,1.877000000000000000e+03,2.424000000000000000e+03,0.000000000000000000e+00
9.137930870056152344e-01,1.722000000000000000e+03,1.528000000000000000e+03,0.000000000000000000e+00
7.142857313156127930e-01,8.600000000000000000e+02,1.560000000000000000e+02,0.000000000000000000e+00
9.285714030265808105e-01,9.220000000000000000e+02,6.060000000000000000e+02,0.000000000000000000e+00
8.260868191719055176e-01,3.260000000000000000e+02,1.320000000000000000e+02,0.000000000000000000e+00
8.902439475059509277e-01,5.940000000000000000e+02,3.290000000000000000e+02,0.000000000000000000e+00
9.142857193946838379e-01,5.080000000000000000e+02,6.800000000000000000e+01,0.000000000000000000e+00
9.090909361839294434e-01,1.910000000000000000e+02,6.100000000000000000e+01,0.000000000000000000e+00
8.805967569351196289e-01,4.010000000000000000e+02,2.730000000000000000e+02,0.000000000000000000e+00
8.571428656578063965e-01,1.330000000000000000e+02,0.000000000000000000e+00,0.000000000000000000e+00
5.600000023841857910e-01,5.510000000000000000e+02,2.030000000000000000e+02,0.000000000000000000e+00
1.000000000000000000e+00,7.980000000000000000e+02,8.580000000000000000e+02,0.000000000000000000e+00
7.156397700309753418e-01,1.445000000000000000e+03,1.010000000000000000e+03,0.000000000000000000e+00
8.461538553237915039e-01,2.500000000000000000e+02,4.500000000000000000e+01,0.000000000000000000e+00
9.090909361839294434e-01,2.090000000000000000e+02,1.100000000000000000e+01,0.000000000000000000e+00
8.367347121238708496e-01,2.000000000000000000e+03,1.722000000000000000e+03,0.000000000000000000e+00
5.164836049079895020e-01,1.624000000000000000e+03,2.133000000000000000e+03,0.000000000000000000e+00
1.000000000000000000e+00,2.540000000000000000e+02,0.000000000000000000e+00,0.000000000000000000e+00
9.230769276618957520e-01,2.300000000000000000e+02,9.300000000000000000e+01,0.000000000000000000e+00
8.947366476058959961e-01,3.780000000000000000e+02,5.000000000000000000e+00,0.000000000000000000e+00
1.000000000000000000e+00,2.416000000000000000e+03,2.396000000000000000e+03,0.000000000000000000e+00
6.938775777816772461e-01,1.711000000000000000e+03,2.108000000000000000e+03,0.000000000000000000e+00
8.285719156265258789e-01,9.190000000000000000e+02,9.310000000000000000e+02,0.000000000000000000e+00
9.636363983154296875e-01,7.680000000000000000e+02,4.490000000000000000e+02,0.000000000000000000e+00
9.594596624374389648e-01,4.330000000000000000e+02,2.430000000000000000e+02,0.000000000000000000e+00
9.629629850387573242e-01,9.200000000000000000e+02,5.750000000000000000e+02,0.000000000000000000e+00
7.419353723526000977e-01,5.080000000000000000e+02,1.290000000000000000e+02,0.000000000000000000e+00
0.000000000000000000e+00,2.473000000000000000e+03,2.500000000000000000e+03,0.000000000000000000e+00
8.333333134651184082e-01,3.190000000000000000e+02,5.080000000000000000e+02,0.000000000000000000e+00
9.523809552192687988e-01,6.970000000000000000e+02,2.420000000000000000e+02,0.000000000000000000e+00
8.518518805503845215e-01,4.250000000000000000e+02,1.730000000000000000e+02,0.000000000000000000e+00
9.344260692596435547e-01,9.510000000000000000e+02,2.950000000000000000e+02,0.000000000000000000e+00
1.000000000000000000e+00,8.150000000000000000e+02,8.520000000000000000e+02,0.000000000000000000e+00
9.999997019767761230e-01,1.830000000000000000e+02,3.300000000000000000e+01,0.000000000000000000e+00
9.230769276618957520e-01,4.260000000000000000e+02,4.600000000000000000e+01,0.000000000000000000e+00
7.894737124443054199e-01,5.800000000000000000e+02,1.470000000000000000e+02,0.000000000000000000e+00
7.551020383834838867e-01,1.485000000000000000e+03,2.467000000000000000e+03,0.000000000000000000e+00
4.933628141880035400e-01,3.710000000000000000e+02,8.950000000000000000e+02,0.000000000000000000e+00
1.000000000000000000e+00,2.810000000000000000e+02,2.600000000000000000e+01,0.000000000000000000e+00
1.000000000000000000e+00,8.200000000000000000e+01,0.000000000000000000e+00,0.000000000000000000e+00
1.000000000000000000e+00,2.970000000000000000e+02,1.740000000000000000e+02,0.000000000000000000e+00
1.000000000000000000e+00,6.960000000000000000e+02,2.650000000000000000e+02,0.000000000000000000e+00
9.285714030265808105e-01,9.300000000000000000e+02,6.790000000000000000e+02,0.000000000000000000e+00
9.705882668495178223e-01,7.530000000000000000e+02,1.088000000000000000e+03,0.000000000000000000e+00
8.461539745330810547e-01,1.205000000000000000e+03,3.000000000000000000e+00,0.000000000000000000e+00
9.677419066429138184e-01,1.116000000000000000e+03,1.119000000000000000e+03,0.000000000000000000e+00
7.812500000000000000e-01,1.045000000000000000e+03,7.640000000000000000e+02,0.000000000000000000e+00
9.473688006401062012e-01,8.580000000000000000e+02,4.460000000000000000e+02,0.000000000000000000e+00
9.250000119209289551e-01,1.589000000000000000e+03,1.487000000000000000e+03,0.000000000000000000e+00
8.387097716331481934e-01,4.730000000000000000e+02,5.370000000000000000e+02,0.000000000000000000e+00
8.333333134651184082e-01,3.580000000000000000e+02,2.430000000000000000e+02,0.000000000000000000e+00
4.976526498794555664e-01,7.690000000000000000e+02,7.790000000000000000e+02,0.000000000000000000e+00
9.166666865348815918e-01,2.450000000000000000e+02,4.200000000000000000e+01,0.000000000000000000e+00
1.000000000000000000e+00,1.762000000000000000e+03,2.461000000000000000e+03,0.000000000000000000e+00
9.650602936744689941e-01,1.319000000000000000e+03,1.877000000000000000e+03,0.000000000000000000e+00
9.183673262596130371e-01,2.131000000000000000e+03,2.400000000000000000e+03,0.000000000000000000e+00
8.461538553237915039e-01,2.400000000000000000e+02,0.000000000000000000e+00,0.000000000000000000e+00
9.333333373069763184e-01,3.860000000000000000e+02,7.300000000000000000e+01,0.000000000000000000e+00
8.901097774505615234e-01,8.320000000000000000e+02,1.501000000000000000e+03,0.000000000000000000e+00
9.499999880790710449e-01,2.750000000000000000e+02,1.310000000000000000e+02,0.000000000000000000e+00
7.441861629486083984e-01,8.530000000000000000e+02,2.026000000000000000e+03,0.000000000000000000e+00
1.000000000000000000e+00,2.428000000000000000e+03,2.500000000000000000e+03,0.000000000000000000e+00
6.315789222717285156e-01,4.170000000000000000e+02,6.000000000000000000e+01,0.000000000000000000e+00
5.192307233810424805e-01,7.590000000000000000e+02,5.740000000000000000e+02,0.000000000000000000e+00
9.795918464660644531e-01,2.223000000000000000e+03,2.494000000000000000e+03,0.000000000000000000e+00
9.444444179534912109e-01,4.770000000000000000e+02,1.510000000000000000e+02,0.000000000000000000e+00
6.956521868705749512e-01,5.420000000000000000e+02,2.560000000000000000e+02,0.000000000000000000e+00
8.095238208770751953e-01,5.380000000000000000e+02,1.300000000000000000e+02,0.000000000000000000e+00
4.741934537887573242e-01,1.170000000000000000e+03,1.801000000000000000e+03,0.000000000000000000e+00
9.599999785423278809e-01,7.940000000000000000e+02,4.700000000000000000e+02,0.000000000000000000e+00
6.666666865348815918e-01,1.160000000000000000e+02,4.000000000000000000e+00,0.000000000000000000e+00
9.078948497772216797e-01,5.000000000000000000e+02,3.080000000000000000e+02,0.000000000000000000e+00
9.119999408721923828e-01,1.575000000000000000e+03,9.300000000000000000e+02,0.000000000000000000e+00
7.857142686843872070e-01,9.930000000000000000e+02,8.000000000000000000e+00,0.000000000000000000e+00
5.749999880790710449e-01,1.225000000000000000e+03,7.940000000000000000e+02,0.000000000000000000e+00
1.000000000000000000e+00,2.180000000000000000e+02,9.900000000000000000e+01,0.000000000000000000e+00
1.000000000000000000e+00,6.400000000000000000e+01,1.000000000000000000e+00,0.000000000000000000e+00
1.000000000000000000e+00,2.315000000000000000e+03,2.406000000000000000e+03,0.000000000000000000e+00
8.684210777282714844e-01,1.306000000000000000e+03,1.402000000000000000e+03,0.000000000000000000e+00
9.315069317817687988e-01,9.190000000000000000e+02,6.490000000000000000e+02,0.000000000000000000e+00
1.000000000000000000e+00,2.100000000000000000e+02,6.800000000000000000e+01,0.000000000000000000e+00
8.367347121238708496e-01,2.081000000000000000e+03,2.163000000000000000e+03,0.000000000000000000e+00
8.085104823112487793e-01,1.597000000000000000e+03,1.238000000000000000e+03,0.000000000000000000e+00
8.000000119209289551e-01,5.140000000000000000e+02,1.170000000000000000e+02,0.000000000000000000e+00
8.421052694320678711e-01,3.160000000000000000e+02,7.480000000000000000e+02,0.000000000000000000e+00
9.439999461174011230e-01,6.910000000000000000e+02,6.330000000000000000e+02,0.000000000000000000e+00
1.000000000000000000e+00,3.200000000000000000e+02,5.900000000000000000e+01,0.000000000000000000e+00
1.000000000000000000e+00,1.740000000000000000e+03,2.473000000000000000e+03,0.000000000000000000e+00
6.969699859619140625e-01,1.538000000000000000e+03,1.858000000000000000e+03,0.000000000000000000e+00
8.571428656578063965e-01,1.494000000000000000e+03,1.885000000000000000e+03,0.000000000000000000e+00
8.333333134651184082e-01,2.009000000000000000e+03,1.645000000000000000e+03,0.000000000000000000e+00
9.782608747482299805e-01,2.202000000000000000e+03,1.935000000000000000e+03,0.000000000000000000e+00
6.744186282157897949e-01,1.459000000000000000e+03,9.750000000000000000e+02,0.000000000000000000e+00
9.285713434219360352e-01,4.090000000000000000e+02,4.100000000000000000e+02,0.000000000000000000e+00
9.375000000000000000e-01,1.092000000000000000e+03,1.133000000000000000e+03,0.000000000000000000e+00
9.387755393981933594e-01,2.144000000000000000e+03,2.084000000000000000e+03,0.000000000000000000e+00
9.200000166893005371e-01,7.750000000000000000e+02,4.840000000000000000e+02,0.000000000000000000e+00
8.837209343910217285e-01,1.561000000000000000e+03,2.257000000000000000e+03,0.000000000000000000e+00
6.842105388641357422e-01,1.148000000000000000e+03,1.205000000000000000e+03,0.000000000000000000e+00
9.285714030265808105e-01,3.570000000000000000e+02,3.300000000000000000e+01,0.000000000000000000e+00
9.166666865348815918e-01,6.930000000000000000e+02,5.830000000000000000e+02,0.000000000000000000e+00
9.285714030265808105e-01,1.020000000000000000e+03,4.260000000000000000e+02,0.000000000000000000e+00
8.823529481887817383e-01,3.540000000000000000e+02,2.950000000000000000e+02,0.000000000000000000e+00
9.787234067916870117e-01,2.101000000000000000e+03,2.380000000000000000e+03,0.000000000000000000e+00
1.000000000000000000e+00,1.870000000000000000e+02,0.000000000000000000e+00,0.000000000000000000e+00
8.181818127632141113e-01,3.290000000000000000e+02,0.000000000000000000e+00,0.000000000000000000e+00
9.411764144897460938e-01,3.800000000000000000e+02,2.070000000000000000e+02,0.000000000000000000e+00
8.163265585899353027e-01,2.111000000000000000e+03,1.756000000000000000e+03,0.000000000000000000e+00
1.000000000000000000e+00,2.401000000000000000e+03,2.439000000000000000e+03,0.000000000000000000e+00
9.516128301620483398e-01,3.830000000000000000e+02,3.170000000000000000e+02,0.000000000000000000e+00
1.000000000000000000e+00,5.780000000000000000e+02,2.790000000000000000e+02,0.000000000000000000e+00
8.967553377151489258e-01,1.701000000000000000e+03,2.347000000000000000e+03,0.000000000000000000e+00
8.979591727256774902e-01,2.106000000000000000e+03,2.228000000000000000e+03,0.000000000000000000e+00
8.461537361145019531e-01,1.076000000000000000e+03,2.500000000000000000e+03,0.000000000000000000e+00
9.090909361839294434e-01,6.520000000000000000e+02,3.790000000000000000e+02,0.000000000000000000e+00
9.047619104385375977e-01,5.310000000000000000e+02,3.620000000000000000e+02,0.000000000000000000e+00
9.117646813392639160e-01,1.221000000000000000e+03,1.213000000000000000e+03,0.000000000000000000e+00
9.770115613937377930e-01,6.000000000000000000e+02,1.270000000000000000e+02,0.000000000000000000e+00
9.387755393981933594e-01,2.269000000000000000e+03,2.178000000000000000e+03,0.000000000000000000e+00
6.666666865348815918e-01,2.600000000000000000e+01,3.780000000000000000e+02,0.000000000000000000e+00
9.565217494964599609e-01,6.640000000000000000e+02,3.490000000000000000e+02,0.000000000000000000e+00
9.035089612007141113e-01,1.213000000000000000e+03,1.113000000000000000e+03,0.000000000000000000e+00
1.000000000000000000e+00,2.498000000000000000e+03,2.500000000000000000e+03,0.000000000000000000e+00
9.777777791023254395e-01,4.760000000000000000e+02,5.450000000000000000e+02,0.000000000000000000e+00
9.285714030265808105e-01,8.390000000000000000e+02,7.700000000000000000e+02,0.000000000000000000e+00
9.726023674011230469e-01,6.250000000000000000e+02,4.710000000000000000e+02,0.000000000000000000e+00
6.304348111152648926e-01,8.640000000000000000e+02,2.297000000000000000e+03,0.000000000000000000e+00
9.374997615814208984e-01,2.390000000000000000e+02,3.500000000000000000e+01,0.000000000000000000e+00
9.772725701332092285e-01,1.152000000000000000e+03,5.760000000000000000e+02,0.000000000000000000e+00
8.571428656578063965e-01,1.310000000000000000e+02,0.000000000000000000e+00,0.000000000000000000e+00
9.375000000000000000e-01,2.180000000000000000e+02,5.700000000000000000e+01,0.000000000000000000e+00
9.705879688262939453e-01,3.060000000000000000e+02,1.310000000000000000e+02,0.000000000000000000e+00
8.235294222831726074e-01,1.135000000000000000e+03,8.980000000000000000e+02,0.000000000000000000e+00
8.461538553237915039e-01,2.230000000000000000e+02,3.010000000000000000e+02,0.000000000000000000e+00
8.461538553237915039e-01,1.252000000000000000e+03,1.576000000000000000e+03,0.000000000000000000e+00
8.333333134651184082e-01,4.510000000000000000e+02,7.000000000000000000e+01,0.000000000000000000e+00
6.304348111152648926e-01,1.389000000000000000e+03,1.688000000000000000e+03,0.000000000000000000e+00
8.846153020858764648e-01,2.030000000000000000e+02,5.800000000000000000e+01,0.000000000000000000e+00
7.368420362472534180e-01,1.680000000000000000e+02,0.000000000000000000e+00,0.000000000000000000e+00
7.857142686843872070e-01,3.490000000000000000e+02,0.000000000000000000e+00,0.000000000000000000e+00
7.076350450515747070e-01,1.435000000000000000e+03,1.610000000000000000e+03,0.000000000000000000e+00
8.750000000000000000e-01,3.620000000000000000e+02,7.800000000000000000e+01,0.000000000000000000e+00
0.000000000000000000e+00,2.600000000000000000e+01,1.070000000000000000e+02,0.000000000000000000e+00
1.000000000000000000e+00,1.840000000000000000e+02,2.600000000000000000e+01,0.000000000000000000e+00
4.145199060440063477e-01,8.200000000000000000e+01,1.159000000000000000e+03,0.000000000000000000e+00
9.324324131011962891e-01,1.156000000000000000e+03,9.080000000000000000e+02,0.000000000000000000e+00
7.916666865348815918e-01,1.810000000000000000e+03,1.715000000000000000e+03,0.000000000000000000e+00
8.888888955116271973e-01,4.570000000000000000e+02,1.190000000000000000e+02,0.000000000000000000e+00
5.849055051803588867e-01,2.270000000000000000e+02,0.000000000000000000e+00,0.000000000000000000e+00
8.999999761581420898e-01,1.079000000000000000e+03,5.480000000000000000e+02,0.000000000000000000e+00
8.979591727256774902e-01,2.192000000000000000e+03,2.493000000000000000e+03,0.000000000000000000e+00
8.666666746139526367e-01,2.300000000000000000e+02,2.800000000000000000e+01,0.000000000000000000e+00
9.565217494964599609e-01,7.490000000000000000e+02,3.090000000000000000e+02,0.000000000000000000e+00
9.090909361839294434e-01,1.910000000000000000e+02,2.600000000000000000e+01,0.000000000000000000e+00
9.038853645324707031e-01,1.665000000000000000e+03,1.670000000000000000e+03,0.000000000000000000e+00
7.500000000000000000e-01,3.020000000000000000e+02,0.000000000000000000e+00,0.000000000000000000e+00
7.142857313156127930e-01,1.760000000000000000e+02,0.000000000000000000e+00,0.000000000000000000e+00
8.888888955116271973e-01,1.280000000000000000e+02,4.700000000000000000e+01,0.000000000000000000e+00
9.473684430122375488e-01,4.870000000000000000e+02,2.190000000000000000e+02,0.000000000000000000e+00
9.677419066429138184e-01,1.206000000000000000e+03,7.850000000000000000e+02,0.000000000000000000e+00
9.591836929321289062e-01,2.258000000000000000e+03,1.865000000000000000e+03,0.000000000000000000e+00
8.000001907348632812e-01,1.530000000000000000e+02,0.000000000000000000e+00,0.000000000000000000e+00
1.000000000000000000e+00,2.490000000000000000e+02,2.443000000000000000e+03,1.000000000000000000e+00
4.736842513084411621e-01,7.580000000000000000e+02,1.702000000000000000e+03,1.000000000000000000e+00
5.844154357910156250e-01,1.013000000000000000e+03,1.683000000000000000e+03,1.000000000000000000e+00
6.046509146690368652e-01,2.280000000000000000e+02,6.760000000000000000e+02,1.000000000000000000e+00
0.000000000000000000e+00,0.000000000000000000e+00,8.260000000000000000e+02,1.000000000000000000e+00
7.857142686843872070e-01,2.580000000000000000e+02,3.260000000000000000e+02,1.000000000000000000e+00
4.454909861087799072e-01,5.530000000000000000e+02,1.296000000000000000e+03,1.000000000000000000e+00
3.846153914928436279e-01,1.600000000000000000e+02,3.900000000000000000e+01,1.000000000000000000e+00
8.723404407501220703e-01,8.870000000000000000e+02,2.500000000000000000e+03,1.000000000000000000e+00
2.340424209833145142e-01,3.600000000000000000e+01,3.500000000000000000e+02,1.000000000000000000e+00
6.103605031967163086e-01,9.930000000000000000e+02,1.824000000000000000e+03,1.000000000000000000e+00
0.000000000000000000e+00,0.000000000000000000e+00,6.970000000000000000e+02,1.000000000000000000e+00
7.777777910232543945e-01,9.700000000000000000e+01,8.700000000000000000e+01,1.000000000000000000e+00
7.346938848495483398e-01,1.287000000000000000e+03,2.337000000000000000e+03,1.000000000000000000e+00
0.000000000000000000e+00,2.400000000000000000e+01,3.700000000000000000e+01,1.000000000000000000e+00
5.158728361129760742e-01,4.420000000000000000e+02,1.602000000000000000e+03,1.000000000000000000e+00
7.333332300186157227e-01,3.140000000000000000e+02,1.606000000000000000e+03,1.000000000000000000e+00
4.242424368858337402e-01,5.230000000000000000e+02,1.074000000000000000e+03,1.000000000000000000e+00
7.047244906425476074e-01,1.250000000000000000e+03,2.179000000000000000e+03,1.000000000000000000e+00
4.842611253261566162e-01,1.121000000000000000e+03,1.589000000000000000e+03,1.000000000000000000e+00
1.000000000000000000e+00,1.780000000000000000e+02,2.387000000000000000e+03,1.000000000000000000e+00
8.823529481887817383e-01,3.930000000000000000e+02,2.920000000000000000e+02,1.000000000000000000e+00
4.545452892780303955e-01,5.900000000000000000e+01,1.540000000000000000e+03,1.000000000000000000e+00
5.815602540969848633e-01,9.650000000000000000e+02,2.063000000000000000e+03,1.000000000000000000e+00
9.999998211860656738e-01,2.060000000000000000e+02,2.305000000000000000e+03,1.000000000000000000e+00
7.500000000000000000e-01,1.000000000000000000e+02,1.321000000000000000e+03,1.000000000000000000e+00
6.666666865348815918e-01,1.380000000000000000e+02,0.000000000000000000e+00,1.000000000000000000e+00
5.624998807907104492e-01,1.620000000000000000e+02,1.056000000000000000e+03,1.000000000000000000e+00
1.000000000000000000e+00,2.900000000000000000e+02,6.350000000000000000e+02,1.000000000000000000e+00
5.479452013969421387e-01,5.410000000000000000e+02,9.450000000000000000e+02,1.000000000000000000e+00
6.896552443504333496e-01,3.830000000000000000e+02,9.400000000000000000e+02,1.000000000000000000e+00
9.333333373069763184e-01,2.240000000000000000e+02,9.160000000000000000e+02,1.000000000000000000e+00
1.000000000000000000e+00,9.400000000000000000e+01,8.910000000000000000e+02,1.000000000000000000e+00
6.666666865348815918e-01,2.270000000000000000e+02,8.200000000000000000e+01,1.000000000000000000e+00
1.000000000000000000e+00,3.280000000000000000e+02,8.340000000000000000e+02,1.000000000000000000e+00
7.317073345184326172e-01,5.980000000000000000e+02,2.461000000000000000e+03,1.000000000000000000e+00
8.571429848670959473e-01,4.670000000000000000e+02,1.100000000000000000e+01,1.000000000000000000e+00
4.266666471958160400e-01,8.600000000000000000e+02,1.212000000000000000e+03,1.000000000000000000e+00
1.000000000000000000e+00,2.360000000000000000e+02,1.110000000000000000e+02,1.000000000000000000e+00
8.333333134651184082e-01,1.270000000000000000e+02,9.500000000000000000e+01,1.000000000000000000e+00
3.674697875976562500e-01,8.320000000000000000e+02,1.384000000000000000e+03,1.000000000000000000e+00
6.080306768417358398e-01,1.056000000000000000e+03,2.240000000000000000e+03,1.000000000000000000e+00
5.909090042114257812e-01,5.330000000000000000e+02,1.177000000000000000e+03,1.000000000000000000e+00
4.919999539852142334e-01,1.212000000000000000e+03,9.960000000000000000e+02,1.000000000000000000e+00
0.000000000000000000e+00,0.000000000000000000e+00,6.100000000000000000e+02,1.000000000000000000e+00
9.421968460083007812e-01,5.330000000000000000e+02,1.699000000000000000e+03,1.000000000000000000e+00
8.571428656578063965e-01,1.960000000000000000e+02,5.260000000000000000e+02,1.000000000000000000e+00
6.875001788139343262e-01,4.700000000000000000e+02,2.560000000000000000e+02,1.000000000000000000e+00
0.000000000000000000e+00,6.000000000000000000e+00,8.520000000000000000e+02,1.000000000000000000e+00
4.230767488479614258e-01,6.020000000000000000e+02,8.650000000000000000e+02,1.000000000000000000e+00
6.785715222358703613e-01,2.480000000000000000e+02,3.200000000000000000e+01,1.000000000000000000e+00
5.199999809265136719e-01,4.150000000000000000e+02,1.680000000000000000e+03,1.000000000000000000e+00
6.451610922813415527e-01,2.140000000000000000e+02,1.178000000000000000e+03,1.000000000000000000e+00
1.000000000000000000e+00,1.789000000000000000e+03,2.455000000000000000e+03,1.000000000000000000e+00
6.000003814697265625e-01,1.150000000000000000e+02,6.770000000000000000e+02,1.000000000000000000e+00
3.956041336059570312e-01,5.900000000000000000e+01,8.990000000000000000e+02,1.000000000000000000e+00
7.272727489471435547e-01,6.900000000000000000e+01,1.129000000000000000e+03,1.000000000000000000e+00
4.064171314239501953e-01,6.660000000000000000e+02,5.840000000000000000e+02,1.000000000000000000e+00
8.999999761581420898e-01,5.380000000000000000e+02,8.260000000000000000e+02,1.000000000000000000e+00
5.696199536323547363e-01,3.500000000000000000e+01,1.817000000000000000e+03,1.000000000000000000e+00
4.760319888591766357e-01,4.490000000000000000e+02,2.157000000000000000e+03,1.000000000000000000e+00
6.470588445663452148e-01,4.600000000000000000e+02,1.210000000000000000e+02,1.000000000000000000e+00
6.380867362022399902e-01,1.042000000000000000e+03,2.471000000000000000e+03,1.000000000000000000e+00
1.000000000000000000e+00,2.240000000000000000e+02,9.600000000000000000e+01,1.000000000000000000e+00
9.333333373069763184e-01,2.630000000000000000e+02,9.150000000000000000e+02,1.000000000000000000e+00
6.285714507102966309e-01,4.840000000000000000e+02,9.130000000000000000e+02,1.000000000000000000e+00
7.222222089767456055e-01,3.850000000000000000e+02,5.400000000000000000e+02,1.000000000000000000e+00
3.461538553237915039e-01,1.065000000000000000e+03,1.103000000000000000e+03,1.000000000000000000e+00
1.000000000000000000e+00,1.020000000000000000e+02,1.526000000000000000e+03,1.000000000000000000e+00
6.530612111091613770e-01,1.424000000000000000e+03,1.822000000000000000e+03,1.000000000000000000e+00
8.000000119209289551e-01,2.530000000000000000e+02,1.710000000000000000e+02,1.000000000000000000e+00
4.000000059604644775e-01,3.750000000000000000e+02,2.900000000000000000e+02,1.000000000000000000e+00
7.804878950119018555e-01,6.070000000000000000e+02,1.790000000000000000e+03,1.000000000000000000e+00
6.728970408439636230e-01,5.750000000000000000e+02,1.426000000000000000e+03,1.000000000000000000e+00
9.615384340286254883e-01,6.750000000000000000e+02,1.017000000000000000e+03,1.000000000000000000e+00
3.999996185302734375e-01,3.900000000000000000e+01,3.670000000000000000e+02,1.000000000000000000e+00
0.000000000000000000e+00,0.000000000000000000e+00,3.850000000000000000e+02,1.000000000000000000e+00
0.000000000000000000e+00,5.300000000000000000e+01,1.440000000000000000e+02,1.000000000000000000e+00
7.843139767646789551e-01,2.750000000000000000e+02,1.980000000000000000e+02,1.000000000000000000e+00
0.000000000000000000e+00,1.600000000000000000e+01,3.090000000000000000e+02,1.000000000000000000e+00
0.000000000000000000e+00,8.400000000000000000e+01,0.000000000000000000e+00,1.000000000000000000e+00
5.714285969734191895e-01,2.580000000000000000e+02,1.440000000000000000e+02,1.000000000000000000e+00
9.999997615814208984e-01,3.450000000000000000e+02,6.500000000000000000e+01,1.000000000000000000e+00
9.439529180526733398e-01,1.024000000000000000e+03,9.330000000000000000e+02,1.000000000000000000e+00
1.000000000000000000e+00,2.390000000000000000e+02,1.098000000000000000e+03,1.000000000000000000e+00
6.464089751243591309e-01,4.810000000000000000e+02,6.680000000000000000e+02,1.000000000000000000e+00
4.732142686843872070e-01,1.249000000000000000e+03,1.040000000000000000e+03,1.000000000000000000e+00
8.181818723678588867e-01,2.120000000000000000e+02,1.258000000000000000e+03,1.000000000000000000e+00
1.000000000000000000e+00,5.600000000000000000e+01,1.217000000000000000e+03,1.000000000000000000e+00
7.647058963775634766e-01,2.840000000000000000e+02,4.170000000000000000e+02,1.000000000000000000e+00
0.000000000000000000e+00,0.000000000000000000e+00,2.870000000000000000e+02,1.000000000000000000e+00
8.461539745330810547e-01,5.030000000000000000e+02,2.500000000000000000e+01,1.000000000000000000e+00
7.894737720489501953e-01,7.520000000000000000e+02,2.396000000000000000e+03,1.000000000000000000e+00
6.236559152603149414e-01,5.960000000000000000e+02,1.338000000000000000e+03,1.000000000000000000e+00
6.727269887924194336e-01,5.770000000000000000e+02,2.390000000000000000e+02,1.000000000000000000e+00
9.200001358985900879e-01,9.950000000000000000e+02,1.031000000000000000e+03,1.000000000000000000e+00
8.571431040763854980e-01,2.050000000000000000e+02,8.200000000000000000e+01,1.000000000000000000e+00
7.619048953056335449e-01,4.800000000000000000e+02,1.647000000000000000e+03,1.000000000000000000e+00
1.000000000000000000e+00,2.360000000000000000e+02,4.690000000000000000e+02,1.000000000000000000e+00
8.049792647361755371e-01,6.840000000000000000e+02,2.013000000000000000e+03,1.000000000000000000e+00
8.095235824584960938e-01,1.520000000000000000e+02,7.490000000000000000e+02,1.000000000000000000e+00
6.363636255264282227e-01,7.390000000000000000e+02,1.435000000000000000e+03,1.000000000000000000e+00
8.095238208770751953e-01,5.550000000000000000e+02,1.919000000000000000e+03,1.000000000000000000e+00
5.384613871574401855e-01,1.117000000000000000e+03,1.792000000000000000e+03,1.000000000000000000e+00
6.527774333953857422e-01,3.850000000000000000e+02,5.750000000000000000e+02,1.000000000000000000e+00
8.928570747375488281e-01,4.440000000000000000e+02,1.380000000000000000e+02,1.000000000000000000e+00
8.888888955116271973e-01,1.430000000000000000e+02,1.008000000000000000e+03,1.000000000000000000e+00
8.333333134651184082e-01,8.200000000000000000e+01,2.880000000000000000e+02,1.000000000000000000e+00
8.484847545623779297e-01,5.120000000000000000e+02,1.748000000000000000e+03,1.000000000000000000e+00
0.000000000000000000e+00,3.000000000000000000e+01,3.540000000000000000e+02,1.000000000000000000e+00
8.461538553237915039e-01,2.360000000000000000e+02,1.546000000000000000e+03,1.000000000000000000e+00
9.142860770225524902e-01,3.710000000000000000e+02,1.906000000000000000e+03,1.000000000000000000e+00
6.800000071525573730e-01,5.620000000000000000e+02,5.970000000000000000e+02,1.000000000000000000e+00
5.646258592605590820e-01,4.680000000000000000e+02,1.390000000000000000e+02,1.000000000000000000e+00
6.666666865348815918e-01,6.300000000000000000e+01,5.680000000000000000e+02,1.000000000000000000e+00
7.426469922065734863e-01,1.219000000000000000e+03,6.360000000000000000e+02,1.000000000000000000e+00
9.642859101295471191e-01,2.030000000000000000e+02,1.203000000000000000e+03,1.000000000000000000e+00
7.966806888580322266e-01,6.630000000000000000e+02,1.957000000000000000e+03,1.000000000000000000e+00
6.666666865348815918e-01,4.600000000000000000e+01,2.100000000000000000e+02,1.000000000000000000e+00
6.000000238418579102e-01,4.020000000000000000e+02,2.004000000000000000e+03,1.000000000000000000e+00
6.666666865348815918e-01,1.970000000000000000e+02,1.166000000000000000e+03,1.000000000000000000e+00
1.000000000000000000e+00,4.900000000000000000e+01,1.220000000000000000e+02,1.000000000000000000e+00
3.076915740966796875e-01,1.100000000000000000e+01,4.280000000000000000e+02,1.000000000000000000e+00
3.689718544483184814e-01,7.250000000000000000e+02,1.252000000000000000e+03,1.000000000000000000e+00
7.500000000000000000e-01,2.700000000000000000e+01,6.650000000000000000e+02,1.000000000000000000e+00
1.000000000000000000e+00,4.540000000000000000e+02,2.150000000000000000e+02,1.000000000000000000e+00
0.000000000000000000e+00,1.078000000000000000e+03,1.751000000000000000e+03,1.000000000000000000e+00
0.000000000000000000e+00,1.699000000000000000e+03,1.897000000000000000e+03,1.000000000000000000e+00
9.411764740943908691e-01,3.850000000000000000e+02,1.940000000000000000e+02,1.000000000000000000e+00
8.333333134651184082e-01,3.700000000000000000e+01,1.380000000000000000e+02,1.000000000000000000e+00
9.107146263122558594e-01,4.930000000000000000e+02,1.481000000000000000e+03,1.000000000000000000e+00
4.754097163677215576e-01,4.560000000000000000e+02,2.750000000000000000e+02,1.000000000000000000e+00
7.916669249534606934e-01,1.570000000000000000e+02,9.750000000000000000e+02,1.000000000000000000e+00
8.888888955116271973e-01,4.050000000000000000e+02,2.167000000000000000e+03,1.000000000000000000e+00
8.750000000000000000e-01,2.060000000000000000e+02,1.100000000000000000e+02,1.000000000000000000e+00
4.871794879436492920e-01,8.290000000000000000e+02,7.940000000000000000e+02,1.000000000000000000e+00
5.000000596046447754e-01,5.910000000000000000e+02,5.350000000000000000e+02,1.000000000000000000e+00
8.888888955116271973e-01,1.840000000000000000e+02,4.400000000000000000e+01,1.000000000000000000e+00
7.500000000000000000e-01,2.030000000000000000e+02,1.340000000000000000e+02,1.000000000000000000e+00
7.674418687820434570e-01,8.360000000000000000e+02,1.288000000000000000e+03,1.000000000000000000e+00
9.333330988883972168e-01,9.500000000000000000e+01,2.370000000000000000e+02,1.000000000000000000e+00
6.000000238418579102e-01,6.900000000000000000e+01,1.049000000000000000e+03,1.000000000000000000e+00
4.741037189960479736e-01,3.230000000000000000e+02,8.420000000000000000e+02,1.000000000000000000e+00
4.332494437694549561e-01,4.820000000000000000e+02,2.354000000000000000e+03,1.000000000000000000e+00
7.142857313156127930e-01,4.300000000000000000e+01,1.494000000000000000e+03,1.000000000000000000e+00
4.488019645214080811e-01,3.560000000000000000e+02,1.914000000000000000e+03,1.000000000000000000e+00
8.039215803146362305e-01,5.600000000000000000e+02,2.459000000000000000e+03,1.000000000000000000e+00
6.511628031730651855e-01,1.267000000000000000e+03,1.670000000000000000e+03,1.000000000000000000e+00
7.142857313156127930e-01,3.180000000000000000e+02,1.042000000000000000e+03,1.000000000000000000e+00
8.855421543121337891e-01,8.190000000000000000e+02,1.181000000000000000e+03,1.000000000000000000e+00
1.000000000000000000e+00,1.250000000000000000e+02,1.150000000000000000e+02,1.000000000000000000e+00
5.833333134651184082e-01,1.600000000000000000e+02,3.800000000000000000e+01,1.000000000000000000e+00
8.000000119209289551e-01,1.000000000000000000e+02,4.500000000000000000e+01,1.000000000000000000e+00
5.714285969734191895e-01,4.220000000000000000e+02,3.530000000000000000e+02,1.000000000000000000e+00
1.000000000000000000e+00,3.000000000000000000e+01,3.630000000000000000e+02,1.000000000000000000e+00
8.340805768966674805e-01,6.640000000000000000e+02,7.340000000000000000e+02,1.000000000000000000e+00
9.333333373069763184e-01,3.670000000000000000e+02,1.970000000000000000e+02,1.000000000000000000e+00
5.000000000000000000e-01,1.520000000000000000e+02,2.400000000000000000e+01,1.000000000000000000e+00
6.500000953674316406e-01,4.220000000000000000e+02,6.880000000000000000e+02,1.000000000000000000e+00
7.499998211860656738e-01,2.040000000000000000e+02,4.260000000000000000e+02,1.000000000000000000e+00
0.000000000000000000e+00,1.000000000000000000e+02,8.550000000000000000e+02,1.000000000000000000e+00
4.687500000000000000e-01,8.210000000000000000e+02,5.930000000000000000e+02,1.000000000000000000e+00
7.200000286102294922e-01,3.980000000000000000e+02,2.496000000000000000e+03,1.000000000000000000e+00
6.000000238418579102e-01,8.000000000000000000e+01,2.260000000000000000e+02,1.000000000000000000e+00
1.000000000000000000e+00,6.300000000000000000e+01,1.410000000000000000e+03,1.000000000000000000e+00
8.048783540725708008e-01,3.590000000000000000e+02,1.870000000000000000e+02,1.000000000000000000e+00
4.166666567325592041e-01,1.940000000000000000e+02,3.000000000000000000e+01,1.000000000000000000e+00
8.904551267623901367e-01,1.610000000000000000e+03,2.446000000000000000e+03,1.000000000000000000e+00
8.571428656578063965e-01,8.100000000000000000e+01,6.500000000000000000e+01,1.000000000000000000e+00
1.000000000000000000e+00,5.420000000000000000e+02,2.297000000000000000e+03,1.000000000000000000e+00
8.333333134651184082e-01,3.100000000000000000e+01,1.393000000000000000e+03,1.000000000000000000e+00
5.009895563125610352e-01,1.046000000000000000e+03,1.848000000000000000e+03,1.000000000000000000e+00
6.666666865348815918e-01,3.520000000000000000e+02,3.160000000000000000e+02,1.000000000000000000e+00
7.692307829856872559e-01,6.760000000000000000e+02,1.315000000000000000e+03,1.000000000000000000e+00
9.354839324951171875e-01,6.690000000000000000e+02,2.020000000000000000e+02,1.000000000000000000e+00
6.717568039894104004e-01,4.450000000000000000e+02,1.000000000000000000e+00,1.000000000000000000e+00
9.019607901573181152e-01,8.430000000000000000e+02,2.476000000000000000e+03,1.000000000000000000e+00
4.871794879436492920e-01,7.830000000000000000e+02,1.262000000000000000e+03,1.000000000000000000e+00
4.849624633789062500e-01,9.530000000000000000e+02,1.563000000000000000e+03,1.000000000000000000e+00
8.932039141654968262e-01,8.720000000000000000e+02,7.320000000000000000e+02,1.000000000000000000e+00
6.168829202651977539e-01,5.160000000000000000e+02,7.060000000000000000e+02,1.000000000000000000e+00
8.666666746139526367e-01,2.270000000000000000e+02,9.520000000000000000e+02,1.000000000000000000e+00
5.806451439857482910e-01,1.499000000000000000e+03,7.390000000000000000e+02,1.000000000000000000e+00
9.913036823272705078e-01,4.990000000000000000e+02,5.200000000000000000e+02,1.000000000000000000e+00
3.947368264198303223e-01,1.910000000000000000e+02,1.208000000000000000e+03,1.000000000000000000e+00
5.041320323944091797e-01,8.190000000000000000e+02,1.068000000000000000e+03,1.000000000000000000e+00
0.000000000000000000e+00,5.100000000000000000e+01,1.920000000000000000e+02,1.000000000000000000e+00
5.306122303009033203e-01,1.055000000000000000e+03,1.412000000000000000e+03,1.000000000000000000e+00
0.000000000000000000e+00,3.450000000000000000e+02,3.770000000000000000e+02,1.000000000000000000e+00
8.000000119209289551e-01,2.010000000000000000e+02,1.122000000000000000e+03,1.000000000000000000e+00
0.000000000000000000e+00,4.000000000000000000e+00,1.843000000000000000e+03,1.000000000000000000e+00
7.272728681564331055e-01,2.860000000000000000e+02,1.963000000000000000e+03,1.000000000000000000e+00
7.142857313156127930e-01,2.280000000000000000e+02,2.000000000000000000e+01,1.000000000000000000e+00
6.666666865348815918e-01,1.400000000000000000e+01,7.010000000000000000e+02,1.000000000000000000e+00
0.000000000000000000e+00,5.600000000000000000e+01,1.515000000000000000e+03,1.000000000000000000e+00
8.636364936828613281e-01,3.330000000000000000e+02,1.310000000000000000e+02,1.000000000000000000e+00
7.692307829856872559e-01,1.370000000000000000e+02,7.260000000000000000e+02,1.000000000000000000e+00
5.931228995323181152e-01,1.025000000000000000e+03,1.785000000000000000e+03,1.000000000000000000e+00
3.758389651775360107e-01,1.220000000000000000e+02,2.274000000000000000e+03,1.000000000000000000e+00
7.777777910232543945e-01,1.450000000000000000e+02,5.700000000000000000e+01,1.000000000000000000e+00
1.000000000000000000e+00,3.590000000000000000e+02,4.410000000000000000e+02,1.000000000000000000e+00
6.000000238418579102e-01,7.830000000000000000e+02,1.483000000000000000e+03,1.000000000000000000e+00
9.333333969116210938e-01,8.440000000000000000e+02,2.009000000000000000e+03,1.000000000000000000e+00
5.176467895507812500e-01,8.480000000000000000e+02,1.561000000000000000e+03,1.000000000000000000e+00
6.137184500694274902e-01,1.108000000000000000e+03,6.630000000000000000e+02,1.000000000000000000e+00
4.230771064758300781e-01,2.400000000000000000e+01,2.091000000000000000e+03,1.000000000000000000e+00
3.906408548355102539e-01,6.640000000000000000e+02,1.231000000000000000e+03,1.000000000000000000e+00
6.428571343421936035e-01,2.420000000000000000e+02,6.810000000000000000e+02,1.000000000000000000e+00
4.399999976158142090e-01,4.220000000000000000e+02,6.700000000000000000e+02,1.000000000000000000e+00
3.692310154438018799e-01,2.230000000000000000e+02,3.120000000000000000e+02,1.000000000000000000e+00
4.347825348377227783e-01,1.890000000000000000e+02,1.224000000000000000e+03,1.000000000000000000e+00
3.623188436031341553e-01,8.750000000000000000e+02,1.676000000000000000e+03,1.000000000000000000e+00
4.234696328639984131e-01,9.050000000000000000e+02,2.111000000000000000e+03,1.000000000000000000e+00
4.000000059604644775e-01,1.000000000000000000e+00,1.301000000000000000e+03,1.000000000000000000e+00
7.500000000000000000e-01,4.830000000000000000e+02,5.520000000000000000e+02,1.000000000000000000e+00
7.906977534294128418e-01,4.430000000000000000e+02,1.240000000000000000e+02,1.000000000000000000e+00
8.000000119209289551e-01,4.800000000000000000e+01,2.120000000000000000e+02,1.000000000000000000e+00
5.657895207405090332e-01,7.740000000000000000e+02,0.000000000000000000e+00,1.000000000000000000e+00
5.218934416770935059e-01,1.556000000000000000e+03,2.462000000000000000e+03,1.000000000000000000e+00
7.599999904632568359e-01,3.470000000000000000e+02,1.955000000000000000e+03,1.000000000000000000e+00
8.000000119209289551e-01,1.210000000000000000e+02,1.444000000000000000e+03,1.000000000000000000e+00
7.889887094497680664e-01,2.050000000000000000e+02,1.639000000000000000e+03,1.000000000000000000e+00
9.210526943206787109e-01,3.000000000000000000e+02,7.970000000000000000e+02,1.000000000000000000e+00
4.444444477558135986e-01,5.120000000000000000e+02,1.120000000000000000e+02,1.000000000000000000e+00
8.275862336158752441e-01,5.230000000000000000e+02,2.860000000000000000e+02,1.000000000000000000e+00
8.470590710639953613e-01,3.480000000000000000e+02,2.309000000000000000e+03,1.000000000000000000e+00
6.562500000000000000e-01,5.060000000000000000e+02,2.610000000000000000e+02,1.000000000000000000e+00
5.925925970077514648e-01,3.070000000000000000e+02,2.376000000000000000e+03,1.000000000000000000e+00
6.266666054725646973e-01,3.480000000000000000e+02,8.030000000000000000e+02,1.000000000000000000e+00
0.000000000000000000e+00,0.000000000000000000e+00,3.290000000000000000e+02,1.000000000000000000e+00
7.619045972824096680e-01,3.790000000000000000e+02,1.752000000000000000e+03,1.000000000000000000e+00
9.500002861022949219e-01,1.520000000000000000e+02,1.700000000000000000e+01,1.000000000000000000e+00
2.885245978832244873e-01,5.600000000000000000e+02,1.363000000000000000e+03,1.000000000000000000e+00
8.000000119209289551e-01,9.100000000000000000e+01,5.600000000000000000e+02,1.000000000000000000e+00
7.777777910232543945e-01,3.400000000000000000e+01,3.870000000000000000e+02,1.000000000000000000e+00
7.857142686843872070e-01,3.270000000000000000e+02,2.710000000000000000e+02,1.000000000000000000e+00
3.168725967407226562e-01,9.130000000000000000e+02,2.950000000000000000e+02,1.000000000000000000e+00
3.259258866310119629e-01,1.002000000000000000e+03,1.262000000000000000e+03,1.000000000000000000e+00
7.500000000000000000e-01,8.700000000000000000e+01,5.760000000000000000e+02,1.000000000000000000e+00
7.741932272911071777e-01,1.880000000000000000e+02,2.310000000000000000e+03,1.000000000000000000e+00
3.086419701576232910e-01,9.130000000000000000e+02,1.077000000000000000e+03,1.000000000000000000e+00
6.000000238418579102e-01,9.210000000000000000e+02,1.350000000000000000e+03,1.000000000000000000e+00
8.571428656578063965e-01,5.010000000000000000e+02,5.950000000000000000e+02,1.000000000000000000e+00
5.882350206375122070e-01,1.050000000000000000e+02,1.565000000000000000e+03,1.000000000000000000e+00
7.105264067649841309e-01,2.380000000000000000e+02,2.215000000000000000e+03,1.000000000000000000e+00
6.250000000000000000e-01,5.170000000000000000e+02,2.380000000000000000e+02,1.000000000000000000e+00
8.735631108283996582e-01,1.203000000000000000e+03,1.070000000000000000e+03,1.000000000000000000e+00
6.474821567535400391e-01,1.340000000000000000e+02,1.165000000000000000e+03,1.000000000000000000e+00
8.163265585899353027e-01,1.865000000000000000e+03,1.917000000000000000e+03,1.000000000000000000e+00
9.387755393981933594e-01,2.157000000000000000e+03,2.500000000000000000e+03,1.000000000000000000e+00
5.272448062896728516e-01,1.233000000000000000e+03,1.839000000000000000e+03,1.000000000000000000e+00
5.955054163932800293e-01,5.480000000000000000e+02,2.198000000000000000e+03,1.000000000000000000e+00
0.000000000000000000e+00,7.600000000000000000e+01,9.400000000000000000e+02,1.000000000000000000e+00
3.636382520198822021e-01,3.200000000000000000e+01,2.090000000000000000e+02,1.000000000000000000e+00
5.156794190406799316e-01,1.140000000000000000e+03,6.740000000000000000e+02,1.000000000000000000e+00
3.750002086162567139e-01,2.200000000000000000e+02,7.390000000000000000e+02,1.000000000000000000e+00
5.000000000000000000e-01,1.300000000000000000e+01,1.450000000000000000e+02,1.000000000000000000e+00
4.583822488784790039e-01,1.326000000000000000e+03,2.275000000000000000e+03,1.000000000000000000e+00
9.090909361839294434e-01,1.650000000000000000e+02,4.750000000000000000e+02,1.000000000000000000e+00
2.663816809654235840e-01,7.320000000000000000e+02,1.340000000000000000e+03,1.000000000000000000e+00
8.333333134651184082e-01,5.080000000000000000e+02,1.661000000000000000e+03,1.000000000000000000e+00
5.316457152366638184e-01,6.210000000000000000e+02,2.300000000000000000e+03,1.000000000000000000e+00
3.112321496009826660e-01,8.210000000000000000e+02,6.790000000000000000e+02,1.000000000000000000e+00
4.357196986675262451e-01,1.449000000000000000e+03,1.508000000000000000e+03,1.000000000000000000e+00
5.459555983543395996e-01,1.333000000000000000e+03,2.331000000000000000e+03,1.000000000000000000e+00
6.923077702522277832e-01,3.420000000000000000e+02,4.910000000000000000e+02,1.000000000000000000e+00
8.617021441459655762e-01,3.230000000000000000e+02,1.169000000000000000e+03,1.000000000000000000e+00
4.015748202800750732e-01,1.052000000000000000e+03,1.918000000000000000e+03,1.000000000000000000e+00
6.249998211860656738e-01,6.370000000000000000e+02,8.480000000000000000e+02,1.000000000000000000e+00
8.095238208770751953e-01,5.180000000000000000e+02,2.134000000000000000e+03,1.000000000000000000e+00
1.000000000000000000e+00,1.110000000000000000e+02,4.300000000000000000e+01,1.000000000000000000e+00
4.609163701534271240e-01,4.590000000000000000e+02,1.802000000000000000e+03,1.000000000000000000e+00
4.460511505603790283e-01,6.310000000000000000e+02,1.357000000000000000e+03,1.000000000000000000e+00
8.888888359069824219e-01,4.270000000000000000e+02,8.060000000000000000e+02,1.000000000000000000e+00
8.666669726371765137e-01,2.490000000000000000e+02,2.800000000000000000e+02,1.000000000000000000e+00
6.857142448425292969e-01,1.581000000000000000e+03,2.369000000000000000e+03,1.000000000000000000e+00
1.000000000000000000e+00,2.370000000000000000e+02,1.189000000000000000e+03,1.000000000000000000e+00
5.925925970077514648e-01,6.330000000000000000e+02,1.860000000000000000e+03,1.000000000000000000e+00
1.000000000000000000e+00,9.430000000000000000e+02,1.085000000000000000e+03,1.000000000000000000e+00
4.724409878253936768e-01,6.520000000000000000e+02,1.058000000000000000e+03,1.000000000000000000e+00
7.894737124443054199e-01,3.540000000000000000e+02,1.483000000000000000e+03,1.000000000000000000e+00
7.058823704719543457e-01,2.590000000000000000e+02,5.330000000000000000e+02,1.000000000000000000e+00
1.000000000000000000e+00,3.070000000000000000e+02,3.280000000000000000e+02,1.000000000000000000e+00
3.529411852359771729e-01,1.122000000000000000e+03,1.375000000000000000e+03,1.000000000000000000e+00
5.964546799659729004e-01,1.500000000000000000e+03,2.480000000000000000e+03,1.000000000000000000e+00
1.000000000000000000e+00,1.680000000000000000e+02,1.512000000000000000e+03,1.000000000000000000e+00
7.272727489471435547e-01,2.690000000000000000e+02,2.406000000000000000e+03,1.000000000000000000e+00
5.020408630371093750e-01,2.520000000000000000e+02,1.628000000000000000e+03,1.000000000000000000e+00
7.838709950447082520e-01,5.680000000000000000e+02,2.415000000000000000e+03,1.000000000000000000e+00
8.000000119209289551e-01,6.630000000000000000e+02,2.387000000000000000e+03,1.000000000000000000e+00
7.500000000000000000e-01,4.080000000000000000e+02,3.310000000000000000e+02,1.000000000000000000e+00
5.357142090797424316e-01,3.370000000000000000e+02,9.120000000000000000e+02,1.000000000000000000e+00
6.832578182220458984e-01,1.414000000000000000e+03,2.471000000000000000e+03,1.000000000000000000e+00
9.242421388626098633e-01,5.630000000000000000e+02,1.076000000000000000e+03,1.000000000000000000e+00
8.823529481887817383e-01,4.340000000000000000e+02,6.120000000000000000e+02,1.000000000000000000e+00
9.199997186660766602e-01,2.410000000000000000e+02,1.060000000000000000e+03,1.000000000000000000e+00
0.000000000000000000e+00,4.000000000000000000e+01,2.650000000000000000e+02,1.000000000000000000e+00
8.125000000000000000e-01,2.790000000000000000e+02,2.170000000000000000e+02,1.000000000000000000e+00
3.873873949050903320e-01,1.300000000000000000e+02,1.586000000000000000e+03,1.000000000000000000e+00
6.250000000000000000e-01,3.070000000000000000e+02,5.280000000000000000e+02,1.000000000000000000e+00
4.444444477558135986e-01,1.050000000000000000e+02,6.400000000000000000e+01,1.000000000000000000e+00
3.430962562561035156e-01,1.457000000000000000e+03,2.101000000000000000e+03,1.000000000000000000e+00
3.803190886974334717e-01,7.430000000000000000e+02,7.720000000000000000e+02,1.000000000000000000e+00
0.000000000000000000e+00,6.900000000000000000e+01,9.720000000000000000e+02,1.000000000000000000e+00
6.000000238418579102e-01,3.120000000000000000e+02,4.360000000000000000e+02,1.000000000000000000e+00
4.000015258789062500e-01,4.680000000000000000e+02,0.000000000000000000e+00,1.000000000000000000e+00
5.781248807907104492e-01,6.430000000000000000e+02,3.410000000000000000e+02,1.000000000000000000e+00
1.000000000000000000e+00,1.410000000000000000e+02,3.340000000000000000e+02,1.000000000000000000e+00
5.172414183616638184e-01,2.670000000000000000e+02,2.032000000000000000e+03,1.000000000000000000e+00
8.351646661758422852e-01,5.960000000000000000e+02,1.005000000000000000e+03,1.000000000000000000e+00
5.975607037544250488e-01,8.850000000000000000e+02,1.479000000000000000e+03,1.000000000000000000e+00
5.937499403953552246e-01,2.940000000000000000e+02,5.440000000000000000e+02,1.000000000000000000e+00
9.375000000000000000e-01,3.760000000000000000e+02,2.500000000000000000e+02,1.000000000000000000e+00
9.166666865348815918e-01,2.170000000000000000e+02,2.115000000000000000e+03,1.000000000000000000e+00
7.272727489471435547e-01,1.060000000000000000e+02,8.880000000000000000e+02,1.000000000000000000e+00
2.857143878936767578e-01,3.760000000000000000e+02,2.236000000000000000e+03,1.000000000000000000e+00
5.384615063667297363e-01,6.100000000000000000e+01,9.940000000000000000e+02,1.000000000000000000e+00
5.882354378700256348e-01,1.340000000000000000e+02,8.210000000000000000e+02,1.000000000000000000e+00
8.181819319725036621e-01,3.900000000000000000e+02,6.570000000000000000e+02,1.000000000000000000e+00
9.076923727989196777e-01,1.980000000000000000e+02,5.230000000000000000e+02,1.000000000000000000e+00
1.000000000000000000e+00,2.900000000000000000e+01,2.600000000000000000e+02,1.000000000000000000e+00
7.142857313156127930e-01,3.300000000000000000e+01,1.561000000000000000e+03,1.000000000000000000e+00
3.103999793529510498e-01,3.830000000000000000e+02,7.820000000000000000e+02,1.000000000000000000e+00
4.439654350280761719e-01,5.150000000000000000e+02,1.913000000000000000e+03,1.000000000000000000e+00
3.536584675312042236e-01,1.521000000000000000e+03,1.246000000000000000e+03,1.000000000000000000e+00
6.301367282867431641e-01,7.390000000000000000e+02,2.326000000000000000e+03,1.000000000000000000e+00
7.500000000000000000e-01,2.940000000000000000e+02,6.000000000000000000e+02,1.000000000000000000e+00
8.421052694320678711e-01,4.210000000000000000e+02,2.930000000000000000e+02,1.000000000000000000e+00
3.263159990310668945e-01,5.800000000000000000e+02,2.082000000000000000e+03,1.000000000000000000e+00
8.666666746139526367e-01,2.820000000000000000e+02,1.970000000000000000e+03,1.000000000000000000e+00
8.823529481887817383e-01,2.890000000000000000e+02,1.450000000000000000e+03,1.000000000000000000e+00
6.785715222358703613e-01,2.930000000000000000e+02,1.834000000000000000e+03,1.000000000000000000e+00
4.895832240581512451e-01,2.430000000000000000e+02,1.165000000000000000e+03,1.000000000000000000e+00
9.642857313156127930e-01,7.760000000000000000e+02,1.873000000000000000e+03,1.000000000000000000e+00
7.346938848495483398e-01,1.696000000000000000e+03,1.479000000000000000e+03,1.000000000000000000e+00
4.926109313964843750e-01,9.800000000000000000e+02,2.411000000000000000e+03,1.000000000000000000e+00
5.121953487396240234e-01,8.790000000000000000e+02,2.020000000000000000e+03,1.000000000000000000e+00
9.285714030265808105e-01,4.970000000000000000e+02,6.860000000000000000e+02,1.000000000000000000e+00
6.414878368377685547e-01,9.100000000000000000e+02,2.403000000000000000e+03,1.000000000000000000e+00
7.638888955116271973e-01,6.160000000000000000e+02,1.893000000000000000e+03,1.000000000000000000e+00
9.333333373069763184e-01,3.130000000000000000e+02,0.000000000000000000e+00,1.000000000000000000e+00
5.741543173789978027e-01,1.155000000000000000e+03,2.407000000000000000e+03,1.000000000000000000e+00
8.333331942558288574e-01,2.730000000000000000e+02,4.350000000000000000e+02,1.000000000000000000e+00
8.620689511299133301e-01,6.600000000000000000e+02,1.253000000000000000e+03,1.000000000000000000e+00
8.666666746139526367e-01,3.790000000000000000e+02,1.758000000000000000e+03,1.000000000000000000e+00
1.000000000000000000e+00,1.930000000000000000e+02,1.020000000000000000e+02,1.000000000000000000e+00
3.409090936183929443e-01,7.460000000000000000e+02,9.340000000000000000e+02,1.000000000000000000e+00
7.000000476837158203e-01,9.590000000000000000e+02,1.571000000000000000e+03,1.000000000000000000e+00
3.291146457195281982e-01,2.370000000000000000e+02,4.420000000000000000e+02,1.000000000000000000e+00
4.341084361076354980e-01,8.890000000000000000e+02,7.050000000000000000e+02,1.000000000000000000e+00
2.227170765399932861e-01,5.260000000000000000e+02,6.730000000000000000e+02,1.000000000000000000e+00
1.000000000000000000e+00,4.800000000000000000e+01,1.227000000000000000e+03,1.000000000000000000e+00
7.826088070869445801e-01,2.810000000000000000e+02,5.980000000000000000e+02,1.000000000000000000e+00
7.247706055641174316e-01,1.301000000000000000e+03,2.394000000000000000e+03,1.000000000000000000e+00
9.586205482482910156e-01,6.930000000000000000e+02,7.810000000000000000e+02,1.000000000000000000e+00
6.034482717514038086e-01,6.070000000000000000e+02,2.312000000000000000e+03,1.000000000000000000e+00
8.000000119209289551e-01,5.530000000000000000e+02,9.940000000000000000e+02,1.000000000000000000e+00
9.803917407989501953e-01,3.210000000000000000e+02,6.820000000000000000e+02,1.000000000000000000e+00
8.999999761581420898e-01,4.170000000000000000e+02,2.317000000000000000e+03,1.000000000000000000e+00
7.599995136260986328e-01,3.560000000000000000e+02,9.880000000000000000e+02,1.000000000000000000e+00
1.000000000000000000e+00,3.480000000000000000e+02,1.651000000000000000e+03,1.000000000000000000e+00
7.058823704719543457e-01,3.300000000000000000e+02,3.450000000000000000e+02,1.000000000000000000e+00
7.692311406135559082e-01,7.800000000000000000e+01,2.096000000000000000e+03,1.000000000000000000e+00
1.000000000000000000e+00,1.200000000000000000e+01,1.790000000000000000e+02,1.000000000000000000e+00
1.000000000000000000e+00,2.150000000000000000e+02,3.210000000000000000e+02,1.000000000000000000e+00
8.947368264198303223e-01,4.040000000000000000e+02,3.360000000000000000e+02,1.000000000000000000e+00
4.518272578716278076e-01,1.058000000000000000e+03,9.070000000000000000e+02,1.000000000000000000e+00
6.326530575752258301e-01,1.092000000000000000e+03,2.389000000000000000e+03,1.000000000000000000e+00
7.058823704719543457e-01,9.100000000000000000e+01,1.647000000000000000e+03,1.000000000000000000e+00
7.857142686843872070e-01,2.050000000000000000e+02,7.690000000000000000e+02,1.000000000000000000e+00
8.500000238418579102e-01,4.580000000000000000e+02,3.570000000000000000e+02,1.000000000000000000e+00
8.709673285484313965e-01,3.430000000000000000e+02,2.690000000000000000e+02,1.000000000000000000e+00
7.659570574760437012e-01,1.110000000000000000e+02,1.407000000000000000e+03,1.000000000000000000e+00
3.975906968116760254e-01,2.780000000000000000e+02,1.430000000000000000e+02,1.000000000000000000e+00
5.069860816001892090e-01,1.582000000000000000e+03,2.321000000000000000e+03,1.000000000000000000e+00
7.407407164573669434e-01,8.030000000000000000e+02,2.264000000000000000e+03,1.000000000000000000e+00
7.500000000000000000e-01,2.700000000000000000e+01,1.100000000000000000e+02,1.000000000000000000e+00
1.000000000000000000e+00,1.650000000000000000e+02,1.800000000000000000e+01,1.000000000000000000e+00
6.666666865348815918e-01,3.090000000000000000e+02,8.810000000000000000e+02,1.000000000000000000e+00
9.787234067916870117e-01,5.110000000000000000e+02,6.290000000000000000e+02,1.000000000000000000e+00
4.006551206111907959e-01,6.650000000000000000e+02,2.371000000000000000e+03,1.000000000000000000e+00
6.159169673919677734e-01,9.150000000000000000e+02,2.106000000000000000e+03,1.000000000000000000e+00
9.374997615814208984e-01,1.820000000000000000e+02,4.070000000000000000e+02,1.000000000000000000e+00
3.076923191547393799e-01,4.570000000000000000e+02,1.011000000000000000e+03,1.000000000000000000e+00
5.666666626930236816e-01,4.890000000000000000e+02,2.469000000000000000e+03,1.000000000000000000e+00
8.333333134651184082e-01,8.300000000000000000e+01,1.000000000000000000e+00,1.000000000000000000e+00
1.000000000000000000e+00,4.800000000000000000e+01,3.500000000000000000e+02,1.000000000000000000e+00
6.923077106475830078e-01,3.750000000000000000e+02,1.363000000000000000e+03,1.000000000000000000e+00
8.709677457809448242e-01,7.920000000000000000e+02,2.496000000000000000e+03,1.000000000000000000e+00
9.104477763175964355e-01,9.410000000000000000e+02,2.368000000000000000e+03,1.000000000000000000e+00
0.000000000000000000e+00,1.020000000000000000e+02,0.000000000000000000e+00,1.000000000000000000e+00
9.803920388221740723e-01,3.760000000000000000e+02,1.625000000000000000e+03,1.000000000000000000e+00
9.999998807907104492e-01,5.200000000000000000e+02,1.036000000000000000e+03,1.000000000000000000e+00
9.230768084526062012e-01,2.030000000000000000e+02,1.700000000000000000e+02,1.000000000000000000e+00
9.500007629394531250e-01,1.290000000000000000e+02,3.090000000000000000e+02,1.000000000000000000e+00
7.413792610168457031e-01,1.005000000000000000e+03,2.326000000000000000e+03,1.000000000000000000e+00
7.500000000000000000e-01,4.400000000000000000e+02,1.190000000000000000e+02,1.000000000000000000e+00
0.000000000000000000e+00,6.500000000000000000e+01,0.000000000000000000e+00,1.000000000000000000e+00
8.888888955116271973e-01,1.010000000000000000e+02,1.350000000000000000e+02,1.000000000000000000e+00
6.250000000000000000e-01,1.160000000000000000e+02,5.500000000000000000e+01,1.000000000000000000e+00
5.388470292091369629e-01,3.930000000000000000e+02,2.218000000000000000e+03,1.000000000000000000e+00
4.333333373069763184e-01,4.300000000000000000e+02,1.208000000000000000e+03,1.000000000000000000e+00
9.629629850387573242e-01,8.460000000000000000e+02,8.570000000000000000e+02,1.000000000000000000e+00
5.472971796989440918e-01,3.960000000000000000e+02,1.922000000000000000e+03,1.000000000000000000e+00
4.999998807907104492e-01,4.470000000000000000e+02,2.226000000000000000e+03,1.000000000000000000e+00
7.777777910232543945e-01,1.250000000000000000e+02,1.115000000000000000e+03,1.000000000000000000e+00
1.000000000000000000e+00,3.290000000000000000e+02,6.000000000000000000e+01,1.000000000000000000e+00
7.894737124443054199e-01,3.750000000000000000e+02,2.770000000000000000e+02,1.000000000000000000e+00
0.000000000000000000e+00,3.800000000000000000e+01,7.000000000000000000e+01,1.000000000000000000e+00
9.333335757255554199e-01,4.660000000000000000e+02,4.820000000000000000e+02,1.000000000000000000e+00
2.486188113689422607e-01,4.670000000000000000e+02,5.030000000000000000e+02,1.000000000000000000e+00
3.292686939239501953e-01,7.280000000000000000e+02,8.390000000000000000e+02,1.000000000000000000e+00
9.629629850387573242e-01,6.850000000000000000e+02,1.704000000000000000e+03,1.000000000000000000e+00
7.058824896812438965e-01,1.530000000000000000e+02,5.610000000000000000e+02,1.000000000000000000e+00
8.888891339302062988e-01,2.380000000000000000e+02,2.017000000000000000e+03,1.000000000000000000e+00
7.500000000000000000e-01,5.740000000000000000e+02,5.700000000000000000e+01,1.000000000000000000e+00
6.874998211860656738e-01,3.700000000000000000e+02,2.356000000000000000e+03,1.000000000000000000e+00
5.757578611373901367e-01,6.870000000000000000e+02,3.980000000000000000e+02,1.000000000000000000e+00
0.000000000000000000e+00,2.600000000000000000e+01,3.600000000000000000e+01,1.000000000000000000e+00
8.444444537162780762e-01,4.320000000000000000e+02,3.220000000000000000e+02,1.000000000000000000e+00
